Who,count
DARK-N,50
RetiringNextCentury,50
codeiologist,50
Brre.Hemo,50
HASSAN_GH,50
OmranMk,50
Mohammed--alhefawe,50
kinannotfound,49
Ahmed-yaser,49
Abd_HM,49
masa_beydoun,49
Kareembo,49
Bsher,48
Waellhasan,48
Diab,48
_SADIEM_,47
Mohammad_Kartoumeh,47
dee..,47
a7mad_taieb,46
Wiaam_SA,46
Mohammed_Abdelkareem,46
SaeedSabbagh,45
_Salty,45
AbdAR,44
Alhomse,44
MouayadL7,44
RedNextCentury,44
AhmadShahal,43
3bdo_Farah,43
sanji333333,43
MarioAndrawos,42
_s_h_a_m__,42
Bassam1412,42
sepsa.m,42
samer_orfali,42
Lanakhaled,41
NawarAlTibi,41
MuhannadW,41
obada_katma,40
obadaa.masri,40
043_33798_Nuraiym-7,39
Amr_Kart,38
ghina.alrefai,38
IT-24-,38
7nooOoOoon,38
Mohammad_Alassali,38
Conan_y65,37
7amzahsa,37
Yaman_Alwaza,37
M.Qattan,37
ShathaS2003,36
anas_allaham,35
ZENGOO,34
abdalrhman.alkafry,33
Anti_tourist4000,33
Hamza_Alattar.1,32
Bicso,32
Zeina_Albarre,32
Abdulrhaim_Ma,31
0xessam,31
Nour-Aldeen,31
ghaith.clash88,30
sarah.m.akkad,30
099450735z,29
A.M.B.E,29
abdalkader-s,28
Ansam092,28
Mohamed-Omran,27
Alaa-Kaadan,27
Grapeee,26
Raneem.Alhassan,25
RamaRehawi,24
